"Sample"	"Codon_72"	"Codon_72_aa"	"Codon_73"	"Codon_73_aa"	"Codon_74"	"Codon_74_aa"	"Codon_75"	"Codon_75_aa"	"Codon_76"	"Codon_76_aa"
"10C_CRT_F"	"TGT"	"C"	"GTA"	"V"	"ATG"	"M"	"AAT"	"N"	"AAA"	"K"
"11C_CRT_F"	"TGT"	"C"	"GTA"	"V"	"ATG"	"M"	"AAT"	"N"	"AAA"	"K"
"12C_CRT_F"	"TGT"	"C"	"GTA"	"V"	"ATG"	"M"	"AAT"	"N"	"AAA"	"K"
"13C_CRT_F"	"TGT"	"C"	"GTA"	"V"	"ATG"	"M"	"AAT"	"N"	"AAA"	"K"
"14C_CRT_F"	"TGT"	"C"	"GTA"	"V"	"ATG"	"M"	"AAT"	"N"	"AAA"	"K"
"15C_CRT_F"	"TGT"	"C"	"GTA"	"V"	"ATG"	"M"	"AAT"	"N"	"AAA"	"K"
"16C_CRT_F"	"TGT"	"C"	"GTA"	"V"	"ATG"	"M"	"AAT"	"N"	"AAA"	"K"
"19C_CRT_F"	"TGT"	"C"	"GTA"	"V"	"ATG"	"M"	"AAT"	"N"	"AAA"	"K"
"20C_CRT_F"	"TGT"	"C"	"GTA"	"V"	"ATG"	"M"	"AAT"	"N"	"AAA"	"K"
"21C_CRT_F"	"TGT"	"C"	"GTA"	"V"	"ATG"	"M"	"AAT"	"N"	"AAA"	"K"
"23C_CRT_F"	"TGT"	"C"	"GTA"	"V"	"ATG"	"M"	"AAT"	"N"	"AAA"	"K"
"24C_CRT_F"	"TGT"	"C"	"GTA"	"V"	"ATG"	"M"	"AAT"	"N"	"AAA"	"K"
"25C_CRT_F"	"TGT"	"C"	"GTA"	"V"	"ATG"	"M"	"AAT"	"N"	"AAA"	"K"
"26C_CRT_F"	"TGT"	"C"	"GTA"	"V"	"ATG"	"M"	"AAT"	"N"	"AAA"	"K"
"27C_CRT_F"	"TGT"	"C"	"GTA"	"V"	"ATG"	"M"	"AAT"	"N"	"AAA"	"K"
"28C_CRT_F"	"TGT"	"C"	"GTA"	"V"	"ATG"	"M"	"AAT"	"N"	"AAA"	"K"
"29C_CRT_F"	"TGT"	"C"	"GTA"	"V"	"ATG"	"M"	"AAT"	"N"	"AAA"	"K"
"30C_CRT_F"	"TGT"	"C"	"GTA"	"V"	"ATT"	"I"	"GAA"	"E"	"ACA"	"T"
"31C_CRT_F"	"TGT"	"C"	"GTA"	"V"	"ATG"	"M"	"AAT"	"N"	"AAA"	"K"
"32C_CRT_F"	"TGT"	"C"	"GTA"	"V"	"ATG"	"M"	"AAT"	"N"	"AAA"	"K"
"33C_CRT_F"	"TGT"	"C"	"GTA"	"V"	"ATG"	"M"	"AAT"	"N"	"AAA"	"K"
"34C_CRT_F"	"TGT"	"C"	"GTA"	"V"	"ATG"	"M"	"AAT"	"N"	"AAA"	"K"
"36C_CRT_F"	"TGT"	"C"	"GTA"	"V"	"ATG"	"M"	"AAT"	"N"	"AAA"	"K"
"40C_CRT_F"	"TGT"	"C"	"GTA"	"V"	"ATG"	"M"	"AAT"	"N"	"AAA"	"K"
"42C_CRT_F"	"TGT"	"C"	"GTA"	"V"	"ATG"	"M"	"AAT"	"N"	"AAA"	"K"
"43C_CRT_F"	"TGT"	"C"	"GTA"	"V"	"ATG"	"M"	"AAT"	"N"	"AAA"	"K"
"44C_CRT_F"	"TGT"	"C"	"GTA"	"V"	"ATG"	"M"	"AAT"	"N"	"AAA"	"K"
"45C_CRT_F"	"TGT"	"C"	"GTA"	"V"	"ATG"	"M"	"AAT"	"N"	"AAA"	"K"
"46C_CRT_F"	"TGT"	"C"	"GTA"	"V"	"ATG"	"M"	"AAT"	"N"	"AAA"	"K"
"47C_CRT_F"	"TGT"	"C"	"GTA"	"V"	"ATG"	"M"	"AAT"	"N"	"AAA"	"K"
"48C_CRT_F"	"TGT"	"C"	"GTA"	"V"	"ATG"	"M"	"AAT"	"N"	"AAA"	"K"
"49C_CRT_F"	"TGT"	"C"	"GTA"	"V"	"ATG"	"M"	"AAT"	"N"	"AAA"	"K"
"50C_CRT_F"	"TGT"	"C"	"GTA"	"V"	"ATG"	"M"	"AAT"	"N"	"AAA"	"K"
"51C_CRT_F"	"TGT"	"C"	"GTA"	"V"	"ATG"	"M"	"AAT"	"N"	"AAA"	"K"
"52C_CRT_F"	"TGT"	"C"	"GTA"	"V"	"ATG"	"M"	"AAT"	"N"	"AAA"	"K"
"53C_CRT_F"	"TGT"	"C"	"GTA"	"V"	"ATG"	"M"	"AAT"	"N"	"AAA"	"K"
"54C_CRT_F"	"TGT"	"C"	"GTA"	"V"	"ATG"	"M"	"AAT"	"N"	"AAA"	"K"
"55C_CRT_F"	"TGT"	"C"	"GTA"	"V"	"ATG"	"M"	"AAT"	"N"	"AAA"	"K"
"56C_CRT_F"	"TGT"	"C"	"GTA"	"V"	"ATG"	"M"	"AAT"	"N"	"AAA"	"K"
"57C_CRT_F"	"TGT"	"C"	"GTA"	"V"	"ATG"	"M"	"AAT"	"N"	"ACA"	"T"
"58C_CRT_F"	"TGT"	"C"	"GTA"	"V"	"ATG"	"M"	"AAT"	"N"	"AAA"	"K"
"60C_CRT_F"	"TGT"	"C"	"GTA"	"V"	"ATG"	"M"	"AAT"	"N"	"AAA"	"K"
"62C_CRT_F"	"TGT"	"C"	"GTA"	"V"	"ATG"	"M"	"AAT"	"N"	"AAA"	"K"
"pfcrt_pf3d7_CDS_1275bp"	"TGT"	"C"	"GTA"	"V"	"ATG"	"M"	"AAT"	"N"	"AAA"	"K"
